d637178e-164d-4e1b-be01-083e4d0f2169,Wade,wade@gmail.com,P@ssw0rd,wade.png,0,2023-09-13 09:45:28.163
d5e2c9d8-2145-49d8-b8a9-21e416159004,Dave,dave@gmail.com,P@ssw0rd,dave.png,0,2023-09-13 09:45:37.302
6f4e60e4-fbcb-4158-a162-792bc4ddd934,Seth,seth@gmail.com,P@ssw0rd,seth.png,0,2023-09-13 09:45:43.484
1f72fb86-b2c8-4895-8e0d-8fde826bb9ba,Ivan,ivan@gmail.com,P@ssw0rd,ivan.png,0,2023-09-13 09:45:52.904
e9039a55-7159-4052-95f5-2eb170063f7d,Riley,riley@gmail.com,P@ssw0rd,riley.png,0,2023-09-13 09:45:59.547
72b094f9-b23d-492f-8cdc-53228843fadc,Gilbert,gilbert@gmail.com,P@ssw0rd,gilbert.png,0,2023-09-13 09:46:06.234
49f857e0-e005-42a1-a11b-d71d6b5bcdef,Jorge,jorge@gmail.com,P@ssw0rd,jorge.png,0,2023-09-13 09:46:15.048
438a00ac-0ca4-48e0-a03b-964614272a9f,Dan,dan@gmail.com,P@ssw0rd,dan.png,0,2023-09-13 09:46:22.21
d6033a68-d0a2-45dd-aceb-ff3881b9086d,Brian,brian@gmail.com,P@ssw0rd,brian.png,0,2023-09-13 09:47:00.789
0e81237c-8b5c-47b2-a457-d499f6b85913,Roberto,roberto@gmail.com,P@ssw0rd,roberto.png,0,2023-09-13 09:47:07.99
ae7673e5-ad22-45b7-9fc6-a3aea1fedbab,Myintmo,myintmo@gmail.com,P@ssw0rd,myintmo.png,0,2023-09-14 08:20:52.204
